DEALER_ID,DEALER_NAME,COUNTRY,CITY,CONTACT
DL1,Scott Group,Fiji,Jeremymouth,001-991-225-8556x28009
DL2,"Solis, Nelson and Gonzalez",Macao,Aaronmouth,001-452-868-5589
DL3,Pearson Inc,Chad,North Sarahview,574-718-4780x713
DL4,Roberson-Caldwell,Oman,Santanaborough,(789)978-3498
DL5,Johnson-Hawkins,Congo,Port Shirleyborough,(938)688-1753x2662
DL6,Reynolds-Warren,Guinea-Bissau,Bryantbury,+1-665-703-2157x890
DL7,Burns LLC,Ireland,Port Ashley,675-545-2188x3784
DL8,Acosta-Warren,Nicaragua,Jenniferton,+1-836-560-8645x99471
DL9,Luna PLC,Martinique,West Jonathan,748.533.7932
DL10,"Miller, Acosta and Foster",Andorra,Barronfurt,001-972-912-5112x8589
DL11,Coleman Inc,Venezuela,Lake Karen,+1-767-208-3325x452
DL12,Palmer-Stewart,Algeria,New Cynthia,001-476-993-0458x122
DL13,Jones-Gross,Jamaica,Port Cynthiamouth,+1-517-476-7767x76340
DL14,"Sanders, Day and Sharp",Bahamas,Brookshaven,001-448-386-4116
DL15,"Hunt, Mcgee and Roberts",Martinique,New Catherinemouth,523-552-9898x05911
DL16,"Bell, Green and Murray",Nauru,Lisaland,958.389.2445
DL17,"Lewis, Leach and Garcia",Czech Republic,South Alexis,(616)420-1494
DL18,Rhodes Inc,Italy,Hollandmouth,6309892073
DL19,"Howard, Taylor and Miranda",North Macedonia,New Mariah,+1-648-874-3707x886
DL20,Khan-Christian,Greece,Morgantown,(770)962-9388
DL21,"Rodriguez, Ramos and Thomas",Saint Barthelemy,Gonzalezshire,001-876-367-6620x87443
DL22,King LLC,Mozambique,West Tanyaburgh,4807705107
DL23,Fisher-Brown,Russian Federation,Port Richardberg,+1-652-681-8401x7621
DL24,"Rhodes, Myers and Moore",Vanuatu,Maxwellbury,375-555-4090x4442
DL25,"Pierce, Holland and Burns",Malaysia,Lake Karenton,844.334.5484x05521
DL26,Davis-Smith,Oman,West Josephmouth,+1-440-296-5704x0211
DL27,"Peters, Kennedy and Randolph",Ethiopia,Bobbyport,(238)945-3669x151
DL28,Sanchez-Jones,Seychelles,Port Daniel,001-260-504-0797x4763
DL29,Mitchell Ltd,Cook Islands,Kathleenfort,701-249-9054
DL30,Duncan-Page,Australia,Bonnieborough,001-233-380-4891x29934
DL31,Garrett-Choi,Marshall Islands,Samuelfurt,6179877913
DL32,Moore-Brown,Ireland,Donovanfort,358.667.3271x7952
DL33,Moody Group,Central African Republic,Townsendborough,9414120295
DL34,Morales LLC,Maldives,Lake Sandrachester,726.923.0748
DL35,Sullivan and Sons,Syrian Arab Republic,Port Jeffreyton,4433952862
DL36,Escobar PLC,Gambia,Samanthaborough,9228033345
DL37,Miller and Sons,Gibraltar,East Alexis,3828407813
DL38,"Todd, Luna and Glass",Australia,Brownshire,728-481-2439
DL39,Lara Ltd,Turks and Caicos Islands,South Amyport,751.719.9435x09690
DL40,"Williams, Wood and Smith",Croatia,Port Valerie,001-539-319-9323x8946
DL41,Mitchell-Stevens,Switzerland,West John,2409909728
DL42,"Levy, Dorsey and Miller",Tuvalu,South Tony,+1-533-994-8004x5209
DL43,Butler-Woodard,Namibia,Matthewtown,(911)881-1432
DL44,"Sanchez, Hart and Hahn",Fiji,Brandiborough,(719)672-9521
DL45,Grant Group,Haiti,Sharonburgh,223-589-3543x46474
DL46,"Rios, Green and Aguilar",Somalia,Lake Kimfort,962-787-4038x45997
DL47,"Lee, Dean and Benson",Romania,New Jackiehaven,698-637-0730x1250
DL48,Clark PLC,India,Shawnbury,(686)485-9392x1545
DL49,"Gonzalez, Donaldson and Downs",Canada,Kathyton,7037436955
DL50,Mendoza Inc,Costa Rica,Harrisburgh,726-645-0373
DL51,Morrow Inc,Panama,Lake Kevinbury,426.974.2306x59047
DL52,"Cook, Chavez and Harris",Qatar,Williamsmouth,785-412-3794x185
DL53,"Howard, Carter and Davis",Egypt,Mccoyshire,001-670-844-8897x2152
DL54,Wong-Wright,Aruba,Brianside,769-518-7023
DL55,Richards Ltd,Pitcairn Islands,Lake Catherine,(466)418-9294
DL56,"Michael, Hull and Reilly",Madagascar,Lake John,9617537746
DL57,"Carlson, Turner and Harding",Eritrea,Williammouth,8194057227
DL58,"Anderson, Mann and Martinez",Morocco,Port Adam,+1-728-986-8164
DL59,Hill Group,India,East Annhaven,001-344-904-9921
DL60,"Thomas, Pittman and Booth",Cote d'Ivoire,Johnsonchester,001-388-631-7377x97747
DL61,Porter-Bender,Cape Verde,South Lisa,(970)923-3260x836
DL62,Brewer LLC,Seychelles,Lake Whitneyshire,563.925.7466x220
DL63,Young-Perry,Congo,Smithbury,(394)354-4869
DL64,Russo-Hunt,Estonia,South David,(699)653-7437x6690
DL65,"Green, Marquez and Proctor",Zimbabwe,East Roy,216-647-2511
DL66,Freeman PLC,Saint Helena,Lake Davidside,575.284.6954x871
DL67,Mueller-King,United States of America,West Linda,+1-735-206-2073
DL68,Roberts and Sons,Mongolia,Royview,(357)418-9626
DL69,Wiggins Inc,Kazakhstan,Ellisfurt,(808)295-6950
DL70,Turner PLC,Timor-Leste,Port Michael,(889)452-0213x87308
DL71,"Delacruz, Pham and Patton",Falkland Islands (Malvinas),Gordonborough,7885920000
DL72,Beck PLC,Estonia,South Kyle,4024516073
DL73,Mitchell-Mccarthy,Zambia,Jefferyview,897-575-3045
DL74,Mendez-Fleming,Anguilla,Lake Maryfort,(405)346-7540x1724
DL75,White Inc,Qatar,South Tammyview,+1-546-286-3801x58483
DL76,Stone and Sons,United Kingdom,Martinezfurt,+1-230-219-4674x5276
DL77,Fuller-Fox,Seychelles,New Carolville,817.366.6114
DL78,White Ltd,Hong Kong,Christopherberg,936.214.2844
DL79,Warren-Norris,Namibia,South Danny,258.473.2640x465
DL80,"Christensen, Dunn and Gibbs",Netherlands Antilles,New Robertview,(501)667-5654x0479
DL81,Robinson-Reyes,Holy See (Vatican City State),Lake Danielport,667-866-6453
DL82,Thompson-Sanchez,Pitcairn Islands,East Larryland,2643518782
DL83,Avila-Kennedy,France,Lake Francisco,549-419-6197x5835
DL84,"House, Carr and Mills",Mexico,West April,+1-693-876-3758x465
DL85,"Young, Alvarado and Alexander",Thailand,Stephanieberg,802.939.4874
DL86,Good-Obrien,Saint Barthelemy,East Josephfurt,340-947-0292
DL87,Sheppard-Jones,Seychelles,West Jason,(972)496-7813
DL88,Reynolds-Ramsey,Equatorial Guinea,Stephanieside,7374641446
DL89,Brown PLC,Netherlands,Wrightborough,466-572-3003x4626
DL90,Hull-Mcbride,Heard Island and McDonald Islands,Tinaton,834-700-4448x7219
DL91,Kidd-Henderson,Puerto Rico,Lauraville,+1-773-699-3330x991
DL92,Robertson-Johnson,Cayman Islands,West Vincentshire,277-460-0655x510
DL93,Ford-Shaffer,Sweden,East Mariah,6916652199
DL94,"Hanson, Marquez and Clark",Northern Mariana Islands,Sarahstad,+1-796-352-5194
DL95,Porter-Hunt,Liechtenstein,South Johnside,246-765-8447
DL96,Williams-Martinez,Somalia,West Lauren,001-856-634-3507x11659
DL97,"Gonzalez, Reyes and Cruz",Honduras,Johnsonhaven,001-477-331-0261x474
DL98,"Edwards, Graves and Owens",Kiribati,Taylorburgh,752-683-2173x955
DL99,Jones-Holmes,United Kingdom,South Tammy,424.203.2816x7342
DL100,"Griffin, Malone and Parker",Wallis and Futuna,Ambermouth,+1-314-948-9286x3660
DL101,Livingston-Richardson,United States Minor Outlying Islands,Amandabury,407-919-6361x35087
DL102,Walker-Anderson,Croatia,Tonyfort,5982695790
DL103,Garcia Ltd,Andorra,Stephensontown,(685)298-5667
DL104,Reynolds Inc,Pakistan,Camposshire,364-892-8795x752
DL105,Martinez-Wright,Turks and Caicos Islands,Port Matthewville,+1-308-738-7613x0577
DL106,Terry-Shepherd,British Indian Ocean Territory (Chagos Archipelago),South Lauraport,321-444-7794x52159
DL107,"Ruiz, Freeman and Washington",Pakistan,Port Alexandraberg,+1-372-373-0732x587
DL108,Bishop LLC,United States Minor Outlying Islands,Josehaven,434-576-5730
DL109,Marquez-Thomas,Mauritania,Erichaven,001-726-821-4539x49263
DL110,Nelson-Kelley,Kiribati,Brownside,9878670141
DL111,"Hunt, Smith and Lawson",Taiwan,Turnerchester,+1-869-862-9935x445
DL112,Cruz-Evans,Namibia,South Shawn,447-633-0405
DL113,Brown-Taylor,Turkmenistan,North Kristenland,5802674892
DL114,Marsh-Johnson,Wallis and Futuna,Lake Christopherfort,(487)853-8088
DL115,Hughes and Sons,Cambodia,Port Davidborough,+1-583-961-8771x38425
DL116,"Davis, Garcia and Jones",Haiti,West Dennistown,(585)984-8491x314
DL117,Greene Group,Germany,Johnmouth,+1-598-754-2742
DL118,Rodriguez Group,Vanuatu,Marisatown,710.976.8221
DL119,"Knox, Flores and Wheeler",Belarus,North Anthony,3116528026
DL120,"Thomas, Gonzalez and Keith",Wallis and Futuna,Fischerchester,(608)233-7939x20340
DL121,"Myers, Miller and Haynes",Netherlands,South Sharonton,+1-443-412-7405x19743
DL122,Glenn and Sons,French Southern Territories,South Patriciaview,230.896.8364x007
DL123,Smith and Sons,Saint Vincent and the Grenadines,Longbury,+1-391-262-4944x7728
DL124,Shepherd-Hendrix,Romania,Port Timothyton,+1-556-758-9060x67517
DL125,"Baker, Miller and Cooley",Bosnia and Herzegovina,Aprilport,2105653597
DL126,Porter-Fritz,Mayotte,Jimmyton,+1-916-550-9128x17836
DL127,Coleman and Sons,Portugal,Powellfurt,905.818.2622x778
DL128,"Adams, Nunez and Diaz",Ireland,New Brandi,533.908.4552
DL129,Norton Group,Egypt,Russellchester,516.922.2800x12262
DL130,"Berger, Dixon and Mayo",Puerto Rico,South Shaunmouth,594-783-7218
DL131,"Gentry, Bradley and Mitchell",British Virgin Islands,Dustinton,537.925.2270
DL132,Hall and Sons,Philippines,Matthewmouth,581.564.6902x486
DL133,Kim Inc,Oman,Lake Sara,001-998-518-9266x54925
DL134,"Moody, Richardson and Baker",South Georgia and the South Sandwich Islands,Whiteberg,+1-333-919-7306x4803
DL135,Gutierrez Group,Saint Martin,Lisaview,830.961.4791
DL136,Cook-Kelly,Kuwait,Paulchester,001-975-775-2760x853
DL137,"Reynolds, Jones and Dean",Papua New Guinea,Lake Christianfurt,(774)663-2938x72570
DL138,"Gill, Jackson and Baker",Niger,Port Brett,+1-834-263-5845x674
DL139,Brown-Cross,Belarus,North Diamond,(962)313-6639
DL140,Moore-Sullivan,Palau,West Paulaborough,+1-816-763-2094x46175
DL141,Martin LLC,Lao People's Democratic Republic,Port Stephanieberg,493-667-7512
DL142,Sutton and Sons,Antarctica (the territory South of 60 deg S),Hartmanstad,+1-548-402-9669x94276
DL143,"Sexton, Leon and Smith",Finland,East Charlesville,678-203-3244
DL144,Morris-Garcia,Mexico,New Herbert,(498)972-3219x813
DL145,Bauer Group,Lesotho,Laurentown,+1-332-747-4335x7398
DL146,Kelly Inc,Holy See (Vatican City State),Suttonfort,+1-332-973-5195x308
DL147,"Thornton, Jones and Walters",Iceland,Stevensville,001-326-309-2500x274
DL148,Smith-Nguyen,Vietnam,New Douglasside,001-904-470-2861x11618
DL149,Byrd Inc,Chad,Tylerbury,237-616-1367
DL150,"Brown, Wood and Davis",Namibia,East Garytown,231-357-0885
DL151,Ford Ltd,Bhutan,North Williamtown,385-857-0158
DL152,Sanders-Williamson,Falkland Islands (Malvinas),Farrelltown,001-335-817-2478x6057
DL153,"Lopez, Bridges and Brown",Bahrain,North Corey,494-661-8053
DL154,Myers-Lucas,Cayman Islands,New Christianview,573-590-2360x899
DL155,West and Sons,Lebanon,South Angelaborough,+1-293-977-0716x1262
DL156,"Cooper, Cooper and Wood",Barbados,South Whitneytown,567.224.5681
DL157,Young-Perez,Grenada,Harveyburgh,663-453-8296
DL158,"Bradford, Leonard and Brewer",Iraq,Crystalton,001-566-265-3207x983
DL159,Olson LLC,Falkland Islands (Malvinas),East Morgan,(695)520-1699x88760
DL160,Davenport LLC,Hong Kong,Roychester,001-692-217-9109
DL161,Robinson-Kidd,Papua New Guinea,Amandaborough,998-887-3423x87243
DL162,"Garcia, Howard and Gonzalez",Lebanon,New Nicholas,5488862510
DL163,Levy-Pugh,South Africa,Brentmouth,837-528-1870
DL164,Lee-Coleman,France,Christinetown,(504)677-8742x51707
DL165,Davis and Sons,Fiji,Martinfurt,511.772.0486
DL166,West-Livingston,Belarus,New Andrew,001-585-861-1405x897
DL167,Wilson and Sons,Gabon,West Glennshire,+1-381-843-8828x940
DL168,Kelley-Nash,South Africa,Melindashire,(525)726-4256
DL169,Gibbs-Downs,Myanmar,Kimshire,001-749-264-2347x440
DL170,"Manning, Pena and Blackburn",Burkina Faso,Jamesbury,4045593405
DL171,Lopez Group,Korea,Lake Davidhaven,+1-511-349-3560x025
DL172,Mckay Ltd,Macao,North Bonnie,355-506-2702x79399
DL173,Sanders Group,New Zealand,Carterburgh,+1-730-384-5922x243
DL174,Mays-Scott,Kiribati,Padillachester,6476694685
DL175,Ferrell PLC,Switzerland,East Andreamouth,523-985-3397x983
DL176,"Caldwell, Johnson and Poole",Christmas Island,Jacobburgh,818-249-5218
DL177,Martin Group,New Zealand,East Susan,912-629-8271x89751
DL178,"York, Chaney and Huynh",Saint Martin,West Jonathan,001-250-500-2346x6279
DL179,Anderson Inc,Rwanda,Macdonaldborough,001-925-325-3214x43789
DL180,"Mclean, Flynn and Vega",Finland,Morrismouth,303.878.1450x813
DL181,Smith PLC,French Polynesia,South Josephburgh,514-380-9141
DL182,Martin-Owens,Congo,Frankville,(595)559-2912
DL183,Mcguire-Phillips,Heard Island and McDonald Islands,Tarastad,001-445-264-2436x18994
DL184,"Bishop, Taylor and Jones",Saint Martin,Lake Jasmineview,314.226.3649
DL185,"Lawson, Huffman and Moore",Morocco,Walkerbury,(933)345-4560x92137
DL186,"Andrews, Smith and Johnson",United Arab Emirates,South James,487-734-8073
DL187,Turner-Gonzales,Christmas Island,New Tracie,(559)751-8502x55404
DL188,Jackson Inc,Togo,Millermouth,231-361-2099x4109
DL189,"Valentine, Williams and Carter",Philippines,Christianmouth,487-667-2143x43327
DL190,"Taylor, Morales and Williams",Grenada,Brownside,001-647-331-9396
DL191,"Ritter, Lewis and Sherman",Morocco,Dustinbury,813.717.2648
DL192,"Hensley, Stevenson and Williams",Norway,New Edgarville,301.348.4522
DL193,"Wilkinson, Hudson and Barber",Iceland,North Alvin,(502)392-0874x20171
DL194,Green Ltd,Ghana,Cameronfort,001-656-481-6017x71611
DL195,Smith and Sons,Portugal,North Jeff,+1-397-338-9752x1760
DL196,Duncan and Sons,Isle of Man,East Arthurview,001-685-552-2952x507
DL197,Ortiz-Martin,Tuvalu,New Amber,787-200-3027x12309
DL198,Brock PLC,Gambia,Elizabethton,263.770.7214
DL199,Cooper-Phillips,Montserrat,West Jaredmouth,8619275930
DL200,Lamb Group,Mauritius,Stevenland,(841)863-4445x717
DL201,Chapman and Sons,Greenland,New Shawna,001-527-355-4094x943
DL202,"Tran, Fry and Dudley",Denmark,West Jacob,904.535.7201
DL203,"Ferguson, Reyes and Robertson",Norfolk Island,New Waltershire,527-325-3632x93295
DL204,"Kelley, Lane and Schultz",Mauritius,North Marc,001-533-389-4205x030
DL205,Curtis-Watkins,Israel,Wagnershire,(520)389-0840x744
DL206,"Waller, Smith and Carr",American Samoa,West Katherinefort,983-799-8436x8933
DL207,"Coleman, Brooks and Campbell",Kiribati,West Laurentown,513-957-6592x9469
DL208,Morris and Sons,Egypt,Adriennemouth,001-932-484-7528x7188
DL209,Wheeler-Scott,Holy See (Vatican City State),East Jocelynmouth,(981)858-7975x6288
DL210,Murray-Buckley,Timor-Leste,Markstad,+1-327-357-0474x10175
DL211,Hunt-Woodard,Bermuda,Ramirezchester,724.611.8747x72289
DL212,Blanchard PLC,Samoa,Barnettberg,975.516.9948x2775
DL213,"Garcia, Simpson and Vazquez",Zambia,West Gabrielaview,+1-780-510-9320
DL214,Brown-Wilkinson,Brazil,Fosterborough,442.998.4705x4268
DL215,Gonzales LLC,Hong Kong,New Brandonfurt,556.999.3627x6190
DL216,"Singleton, Thomas and Conley",French Polynesia,Port Gregory,956.720.3210x1687
DL217,Matthews-Newman,Mauritius,New Gregory,(216)637-9739x3393
DL218,Allen Group,Panama,East Mallory,(222)372-2916x39546
DL219,Fowler Ltd,Eritrea,Port Kevin,652.479.2116x326
DL220,Brown-Norris,British Indian Ocean Territory (Chagos Archipelago),Port David,762.406.5954x6036
DL221,Bennett-Brooks,Norway,Smithmouth,996.956.7577
DL222,Jacobs-Nichols,Sudan,East Tyler,8988581186
DL223,Rodriguez-Petty,Syrian Arab Republic,West Dariusburgh,+1-507-563-6231x41813
DL224,Phillips Group,Marshall Islands,East Anthonymouth,+1-890-432-0505
DL225,"Rose, Harris and Turner",Niue,Martinezfort,552.750.3972
DL226,Johnson-Thompson,Austria,Ortizburgh,345.608.3808
DL227,Mclean and Sons,Chad,North Curtisshire,4817095022
DL228,"Love, Brown and Delgado",Switzerland,Port Cassandra,+1-769-575-4013x441
DL229,Koch-Adams,Falkland Islands (Malvinas),Lake Josephmouth,(582)884-8683x713
DL230,Murillo Ltd,Indonesia,Davidville,001-222-699-8052x645
DL231,"Douglas, Brown and Bond",Norway,Fitzpatrickborough,001-440-729-2887
DL232,White LLC,Bahamas,Jamesshire,001-217-324-3830
DL233,Harris-Martinez,Reunion,North Samanthaside,897-740-7426
DL234,West PLC,Tonga,New Lori,(509)268-5402x063
DL235,Giles LLC,Cote d'Ivoire,New Jessicabury,+1-777-934-4705x3941
DL236,Hardin-Lucas,Maldives,Toddmouth,+1-339-282-5122
DL237,Nichols-Wang,Cameroon,Markmouth,(822)830-5930x2506
DL238,Miranda Group,Congo,West Melissamouth,(587)823-0924x47459
DL239,Wong-Walker,Sao Tome and Principe,North James,8555059755
DL240,Robinson and Sons,South Georgia and the South Sandwich Islands,Hurleyfort,(899)755-5943x420
DL241,Hernandez-Higgins,Comoros,Port Davidview,639.869.0749
DL242,Mcgee-Parrish,Canada,North Christopher,(317)307-4823x8873
DL243,"Dickson, Mills and Holland",Lao People's Democratic Republic,Julietown,925-982-7569x0453
DL244,Lynch PLC,Serbia,West Michael,(585)633-6017
DL245,"Hawkins, Jackson and Williams",Kiribati,South Denise,001-694-657-5978
DL246,Flores-Porter,Equatorial Guinea,Gregghaven,+1-914-808-5878x7192
DL247,"Hernandez, Thompson and Hebert",Ecuador,Angelaland,001-941-717-0360
DL248,Davis and Sons,Myanmar,Fergusonland,+1-311-419-9290x9205
DL249,Mack-Arnold,Denmark,Port Laurachester,(857)964-4812
DL250,Joyce-Anderson,San Marino,North Theresamouth,(726)443-6093x64432
DL251,Gonzalez PLC,Bulgaria,Taylorside,866.780.9145x05516
DL252,Maldonado-Brown,Niger,Angelahaven,001-858-770-9691x4719
DL253,"Barrera, Sutton and Davenport",Lebanon,New Steven,698.444.7032
DL254,"Harrington, Pacheco and Collins",Malta,New Belinda,001-855-723-8680x6766
DL255,"Martin, Reeves and Valenzuela",Solomon Islands,Cooperland,+1-652-294-7275
DL256,Klein Inc,Albania,Gregoryville,(229)902-3490x386
DL257,Potter Group,Chad,Whiteberg,001-769-943-1510x938
DL258,"Ferguson, Phillips and Bond",Guadeloupe,West Juan,788.658.1807
DL259,"Cruz, Boyd and May",Dominican Republic,Jeanettefurt,001-772-955-0035x2708
DL260,"Lucas, Cox and Nichols",Norway,Derricktown,001-373-775-4680x14717
DL261,Pierce LLC,Jordan,Hayesshire,5514907522
DL262,Barnes Group,Norway,Smithview,664.675.7181x5162
DL263,"Combs, Carrillo and Black",Niger,Lindseyfort,932-572-5850
DL264,"Dixon, Clay and Johnson",United States Virgin Islands,North Nicoleburgh,850-324-1260
DL265,"Alexander, Woods and Stephens",Congo,Nicholschester,599-619-1007x25434
DL266,Riley-Oneal,Marshall Islands,Joycefurt,919-740-5100x477
DL267,"Dawson, Jones and Hood",Fiji,East Alexanderberg,(514)692-0377x492
DL268,Collier-Cervantes,French Polynesia,Duncanfurt,412.585.0888x4253
DL269,Richardson Group,Chile,West Jessica,837-279-2597x348
DL270,"Dixon, Jones and Golden",Cuba,Emilyfurt,(310)414-0720
DL271,Jackson-Martinez,Norfolk Island,Melissaville,(873)992-6079
DL272,"Jones, Hudson and Richmond",Korea,Michaelchester,(219)829-9800x5086
DL273,"Orozco, Phillips and Cordova",Nigeria,Mathewview,4289024182
DL274,"Graves, Mccann and Smith",Finland,Camachoshire,(861)839-3207
DL275,"Hayden, Bailey and Ramos",Cambodia,Hornestad,+1-963-860-5396x773
DL276,"Brown, Odonnell and Oliver",Angola,West Tiffany,+1-803-375-4403x93627
DL277,Medina-Martin,Yemen,Stevenbury,7288009725
DL278,"Spencer, Welch and Wright",Croatia,West Deannaport,001-951-369-4426
DL279,Best-Long,Cote d'Ivoire,Boydside,(923)453-8427
DL280,Barnes Inc,Pitcairn Islands,New Diana,482.484.4077x98589
DL281,Brown-Long,Honduras,New Sean,(612)653-7544
DL282,Jackson Ltd,Russian Federation,West Daniel,001-985-505-0153x26995
DL283,Cooley PLC,Tuvalu,West Charles,001-369-439-8325x68347
DL284,Brooks-Golden,Grenada,Thomasside,651-762-8925x82508
DL285,Ewing-Lambert,Brunei Darussalam,New Leslieview,630.862.0767
DL286,Mercado-Lopez,Taiwan,Port Nicole,334.874.2346x6197
DL287,"Williams, Russell and Prince",Somalia,Brittanybury,+1-995-416-3864x61083
DL288,"Cohen, Gonzalez and Skinner",Australia,Sarahbury,818.667.6679x41101
DL289,Anderson-Simpson,Turkey,Fergusonmouth,329-649-1061
DL290,Washington-Schmidt,Jamaica,West Justin,921.329.3238x04607
DL291,Anderson-Adams,Saint Kitts and Nevis,Port Danielberg,820-614-4582
DL292,Mcdonald PLC,Tajikistan,Angelachester,940.609.8881
DL293,Powell Inc,Ecuador,Wheelerton,980.959.9278
DL294,Lewis-Edwards,Mayotte,Lake Joseph,(451)798-5041x08520
DL295,Wright-Curtis,India,North Tracyshire,720.391.0508
DL296,"Berry, Davis and Wang",Cocos (Keeling) Islands,North Brandonfort,+1-643-758-2763x5254
DL297,Spencer-Barker,Oman,East Laura,(468)697-9236
DL298,Davis-Dunn,Taiwan,South Shane,961.493.8640x12199
DL299,"Cruz, Jones and Jones",Seychelles,South Johnnyshire,234-334-8494x246
DL300,Lee LLC,Cote d'Ivoire,South Shannon,(622)632-8378
DL301,Herring PLC,Philippines,Nathanmouth,001-297-366-8072x86271
DL302,Douglas Inc,Saint Barthelemy,Port Allenton,(749)664-3927x08503
DL303,"Moore, Thomas and Ford",Malaysia,North Ambertown,379-542-8903x986
DL304,Johnson and Sons,Paraguay,Moorebury,333.506.5372
DL305,Sharp-Randall,Belarus,North Karenberg,354-391-5859x0617
DL306,Russo Ltd,Saudi Arabia,Brianshire,829-344-9958x7127
DL307,"Mejia, Roy and Morris",Gambia,Chaveztown,551.413.3349
DL308,"Johnson, Garcia and Pacheco",French Guiana,Davidside,(637)341-0318
DL309,"Herrera, Case and Clark",Saint Kitts and Nevis,Rothbury,970-306-6986x8842
DL310,"Webb, Greene and Fernandez",Andorra,Morenoborough,8508667894
DL311,Rios-Carter,Slovenia,Michaelburgh,940-428-1426x439
DL312,Marks-Franklin,Ethiopia,South Evanstad,822.395.3225x927
DL313,Jones-Meyer,Argentina,North Dean,493.847.4187x8372
DL314,Gilbert-Atkinson,Mongolia,West Michaelmouth,560.664.4249x46302
DL315,Wright LLC,Kiribati,South Deborahchester,(761)937-2664
DL316,Carr-Bowers,Papua New Guinea,West Mary,001-415-775-3826x710
DL317,Mcdonald-Glover,Croatia,New Kayla,+1-732-261-7741x731
DL318,"Lopez, Valentine and Brennan",Macao,New Jenniferland,862-972-4359x67161
DL319,Green-Miller,Guam,Scottberg,818.956.3651x07992
DL320,Martin-Smith,Christmas Island,Phyllisbury,001-632-422-0345
DL321,Gutierrez PLC,Holy See (Vatican City State),Hancockhaven,583.758.0737
DL322,Nelson-Schmidt,Togo,Christinafort,(552)303-6428
DL323,Jackson Inc,Nauru,Port Carla,001-538-976-0082
DL324,"Morris, Aguilar and Hodges",France,Josephland,+1-915-284-9644x23531
DL325,"Glover, Middleton and Bautista",Ireland,Beckchester,668.489.9509x3923
DL326,"Morris, Henson and Tucker",Vietnam,Anthonyhaven,572.695.9339
DL327,Mendoza Inc,Sudan,Westchester,+1-310-237-3381
DL328,Wolf Inc,Brunei Darussalam,East Alyssa,648-873-8634x3694
DL329,Elliott-Frey,Japan,Barnettview,(733)538-8927x231
DL330,"Williams, Phillips and Mitchell",Belgium,East Laurie,(257)837-7857
DL331,Robinson LLC,Latvia,New Markborough,(543)377-1650x958
DL332,Fernandez-Henderson,Slovenia,Nicoleton,(835)781-6871x87646
DL333,"Williams, Jackson and Martinez",Tanzania,East Kellystad,(566)661-5126
DL334,Farmer-Watts,Norway,Shellyshire,001-541-393-7093x7759
DL335,Parker and Sons,Dominican Republic,Christopherfort,583.649.0251
DL336,"Wells, Middleton and Barnes",Solomon Islands,West Deborahbury,+1-839-392-1066
DL337,"Martinez, Ramsey and Tyler",Central African Republic,Hendersonville,(829)808-6165x24850
DL338,"Cardenas, Rose and Ward",United States Virgin Islands,Jennyburgh,735-757-9219x7381
DL339,"Anderson, Cooke and Taylor",Suriname,Jasonmouth,+1-980-831-2471x143
DL340,"Bryant, Kennedy and Edwards",Samoa,Lake Morganfort,619.466.3889x0054
DL341,"Stevens, Martinez and Goodman",Aruba,Debramouth,001-929-728-2515x038
DL342,Rivas PLC,Taiwan,West Thomas,(792)997-3591x74394
DL343,Gomez Group,Hong Kong,Torresfort,788-710-8872
DL344,"Miller, Vega and Brewer",Heard Island and McDonald Islands,Medinaview,624-822-7835x1874
DL345,"Glenn, Perez and Cohen",Slovenia,Ethanfort,8268950733
DL346,Morales Ltd,Mali,Port Sydneyshire,487.915.8464x7526
DL347,Williams and Sons,Algeria,Anthonyville,4729909710
DL348,Garcia and Sons,Egypt,Ericstad,236-961-1995x312
DL349,Kelly LLC,Morocco,East Sarahview,001-654-582-2843
DL350,"Garza, Lewis and Williams",Bermuda,Joanstad,001-904-258-1878x0772
DL351,Morgan Inc,Angola,West David,001-731-958-4150x61744
DL352,Smith-Ferguson,Tajikistan,Curtisshire,001-748-259-5645
DL353,"Guzman, Thompson and Coleman",Sierra Leone,Leetown,827.983.0212
DL354,"Gonzalez, Mendoza and Castro",Nauru,South Peterchester,+1-822-650-9742x92447
DL355,Roberson-Reyes,Zimbabwe,Rebeccashire,(797)695-3939x02168
DL356,Hudson Inc,Puerto Rico,Edwardside,793-820-6768x3888
DL357,Wilson LLC,Azerbaijan,Veronicaton,+1-694-384-4959x5207
DL358,Wilson-Baker,Grenada,Port Amyborough,+1-903-817-2195x808
DL359,Guerra Group,Guinea,Heatherland,+1-236-740-5963
DL360,"Butler, Gutierrez and Collins",Belize,Smithland,001-530-699-9997
DL361,Jefferson PLC,Afghanistan,Kathrynberg,223-412-5180x1337
DL362,"Burton, Brown and Jacobs",Ecuador,Stevensborough,(498)604-3143
DL363,Walker and Sons,Switzerland,Evanside,287.799.8975x53780
DL364,Gibson-Crawford,Thailand,Danielshire,566-401-1100x702
DL365,Massey Group,United States of America,Heatherberg,(825)531-2678x78253
DL366,Wilson Ltd,Antarctica (the territory South of 60 deg S),New Ryanhaven,(428)828-8952x122
DL367,Moody Ltd,Canada,Christianland,001-914-999-8191x704
DL368,English-Williams,Libyan Arab Jamahiriya,South Dustin,(455)631-5702x04521
DL369,Bowers LLC,United States of America,New Destiny,274-332-9581
DL370,Freeman Inc,Nicaragua,South Maryport,+1-669-721-0221x675
DL371,Walsh LLC,Luxembourg,North Debra,698.945.8719
DL372,"Cox, Wright and Drake",Seychelles,South Alexport,(361)273-9827x87700
DL373,Griffin-Moore,Georgia,Beckermouth,+1-565-331-3591x4753
DL374,Thompson-Jones,Panama,North Kayla,770.634.0138x06443
DL375,"York, Morris and Gates",Namibia,North Mariahaven,636.256.4521x889
DL376,Johnson Group,Monaco,Tiffanyfurt,847-617-6739x319
DL377,"Wilson, Winters and Fischer",Rwanda,Port Travisbury,(908)583-0567x2995
DL378,"Kim, Foster and Burch",Bouvet Island (Bouvetoya),New Catherine,501.993.4226
DL379,Frazier-Hunt,Finland,Alanland,507.448.4363x0691
DL380,Petty LLC,Hong Kong,New Jeanettetown,693.368.3158x3398
DL381,Moore and Sons,Luxembourg,North Timothy,429.302.3815x143
DL382,Hughes-Houston,Turks and Caicos Islands,Lake Davidstad,+1-913-398-9219
DL383,Fisher Inc,Moldova,Jacobschester,433-950-3704
DL384,"Higgins, Moore and Anderson",Hungary,New David,+1-327-664-6186x9978
DL385,Pratt PLC,Palau,Marcusport,245.774.2515
DL386,Martinez-Anderson,Tokelau,Mosesstad,966.723.8866
DL387,Nguyen Group,Colombia,Suarezborough,773.530.1051
DL388,Kelly-Stevenson,Estonia,South Jasonton,+1-215-507-6616
DL389,Ross-Cain,Iraq,Harmonside,001-436-748-2006
DL390,"Ramsey, Rodriguez and Giles",Martinique,Gonzalezland,631-984-5662x741
DL391,"Thomas, Cox and Thornton",Portugal,Tonystad,439-671-2247
DL392,Jackson Group,Liberia,Gonzaleston,788-953-7638
DL393,Dickson-Powell,Netherlands Antilles,East Brandon,688.432.3331x747
DL394,"Hill, Hamilton and Smith",Indonesia,North Jerry,(576)440-8251
DL395,Tucker PLC,Paraguay,Davidberg,001-848-903-5610x0132
DL396,"Stanton, Jordan and Thompson",Burundi,Guzmanport,378-365-8005
DL397,"Henderson, Long and Ryan",Albania,North Lisa,+1-479-309-0861
DL398,Brown-Hall,Korea,East Danielmouth,672-502-9848x2100
DL399,"Baldwin, Richards and Prince",Greenland,North Scott,393-867-8280x4928
DL400,Matthews PLC,Bolivia,Shannonfurt,988-325-2394x972
DL401,Key and Sons,Korea,Derekfort,001-390-403-8954x422
DL402,"Harris, Hobbs and Jensen",Christmas Island,Randallshire,269-469-2412x903
DL403,"Russell, Montgomery and House",Finland,Sandyshire,452.449.8866
DL404,"Benson, Campbell and Graham",Guatemala,North Lisaberg,+1-258-868-8820x457
DL405,"Hill, Martinez and George",Iraq,Wilsonborough,531-385-2831x1188
DL406,Johnston-Cruz,Eritrea,North Lisa,+1-312-353-1780
DL407,"Bailey, Perez and White",Korea,East Alanstad,001-733-290-9308x9740
DL408,"Wagner, Morrison and Ferguson",Austria,Moralesport,(664)766-8715x271
DL409,Garcia-Brown,Cyprus,Muellerview,8433912395
DL410,Castro-Rodgers,Liberia,New Ericastad,564-559-6843
DL411,Solis-Johnston,Cambodia,Lake David,794-822-0834x80975
DL412,King PLC,Turks and Caicos Islands,Port Karen,(864)846-9453x893
DL413,Boyer LLC,Sweden,South Louismouth,274-337-1954
DL414,Murray-Jimenez,South Africa,East Jessicaborough,499.489.7904x9032
DL415,"Hanson, Conner and Scott",Tanzania,South April,430.894.2502x70456
DL416,Adams-Cunningham,Guadeloupe,Lake Aaron,3312875967
DL417,"Fox, Dennis and Lucero",Latvia,Jesuston,4679835842
DL418,Rodgers and Sons,Andorra,Collinsland,687.649.7762x751
DL419,"Keller, Lester and Miller",Mongolia,Alexandriaport,223.599.0425
DL420,"Abbott, Zimmerman and Elliott",Bulgaria,New Manuelbury,479-205-6033x28994
DL421,Crawford Ltd,Vanuatu,Loveshire,001-565-548-2619
DL422,Robinson-Drake,Egypt,Matthewfurt,8966346247
DL423,Smith-Howard,Mongolia,Jonshire,001-335-639-6409x07338
DL424,Johnson-Greene,Burundi,Evansport,001-569-874-8139
DL425,"Shaw, Jackson and Fields",Myanmar,Yatesburgh,219-206-5089x6993
DL426,"English, Bauer and Ware",Jamaica,Lawrenceland,001-835-618-2193x4307
DL427,Charles and Sons,Estonia,South Gary,+1-517-427-8728x7894
DL428,Gomez-Edwards,Solomon Islands,Christopherberg,997-623-5953
DL429,Adams Group,Saint Martin,New Nicholasbury,4683840131
DL430,Herman-Brown,Belgium,East Kimberlybury,794-685-6023
DL431,"Kemp, Branch and Larson",United Kingdom,Nicholasfurt,+1-259-605-9916
DL432,Duffy LLC,Antigua and Barbuda,Christopherville,+1-642-321-1247x722
DL433,Delgado Group,Central African Republic,Williamshaven,204-586-7098x31009
DL434,Wagner-Harris,Hong Kong,West Kayla,6524906309
DL435,"Gallegos, Velasquez and Jones",Mongolia,Johnnyshire,540-717-9847x874
DL436,Edwards-Baker,Anguilla,South Danielle,430.500.9963
DL437,West-Pennington,Liechtenstein,Mitchellfurt,001-729-972-2724
DL438,Smith-Johnston,Mozambique,West Barbaramouth,(244)414-3722x680
DL439,Lopez-Wong,Ghana,Fletcherfort,812.769.4073x59718
DL440,"Brooks, Perez and Butler",Andorra,Deannaville,532-270-2858x459
DL441,Copeland-Noble,Spain,Jonesfurt,+1-403-737-4315x50166
DL442,Scott-Wright,Tonga,North Laura,001-318-490-1893x4082
DL443,Williams-Chambers,Nepal,Martinezchester,682-760-7357
DL444,Woods and Sons,Puerto Rico,South Chaseside,+1-306-747-7392x2322
DL445,"Gomez, Mcdowell and Harris",Estonia,Omarfurt,726-968-4869x98166
DL446,"Allen, Erickson and Herrera",Luxembourg,Rebeccaside,(673)356-4975x5791
DL447,"Bray, Chan and Hall",Slovenia,Port Jennifermouth,(665)287-8913
DL448,Munoz-Myers,Slovenia,Mckeeside,(218)321-3747
DL449,Tucker PLC,Belarus,Moranland,(860)943-4966x41118
DL450,"Nichols, Morgan and Johnston",New Zealand,Deleonview,(232)923-5420x5936
DL451,Hunter-Reyes,Denmark,North Stephanieberg,454.487.9995
DL452,Moran-Moran,Maldives,Jamesborough,568.726.2358x27500
DL453,"Nguyen, Miller and Holmes",Greenland,New Sarahside,(699)429-6737x70047
DL454,"Patterson, Thomas and Dunn",Albania,East Rachelview,706.799.3091x432
DL455,Sanders Inc,Iceland,Port Kevinville,2238386221
DL456,Hernandez Ltd,Jamaica,Weaverborough,(511)503-5281x782
DL457,Daugherty PLC,Belarus,Marshallport,973.683.4303
DL458,Obrien-Campbell,Macao,Port Bryce,552.575.7943
DL459,"Gonzalez, Ramirez and Holloway",Mongolia,Stacychester,592-454-9464x085
DL460,Chandler Inc,Niue,Delgadoton,001-717-204-4781x078
DL461,Bell PLC,United Kingdom,New Amanda,521-994-4874
DL462,Wright-Thompson,Burundi,Gibsonfurt,+1-364-488-5106x5176
DL463,Green-Larsen,Puerto Rico,Williamsport,280.265.9266x198
DL464,"Massey, Patel and Jones",Pakistan,Port Katherine,+1-456-688-3398x5977
DL465,Lane-Thompson,Mongolia,New Taraville,480.924.3251
DL466,Mccoy and Sons,Timor-Leste,North Holly,470.640.3932x8865
DL467,Rush and Sons,Puerto Rico,Taylorshire,001-364-531-4715
DL468,Byrd-Webb,Panama,South James,330.475.6576x616
DL469,Mckay-Garcia,Slovenia,Philipbury,667.781.1180x260
DL470,"Morris, Black and Holmes",Pakistan,West Kyleville,529-749-6447x12334
DL471,"Hunter, Wood and Collins",Moldova,West Lindseyton,(755)467-0870
DL472,White-Whitehead,Swaziland,Patrickville,+1-689-308-7934x0157
DL473,"Golden, Kim and Johnson",Kiribati,Jenniferview,+1-908-752-7106x57984
DL474,Hardy-Turner,Fiji,New Jeremy,+1-314-210-1906x34579
DL475,Adkins-Burgess,British Indian Ocean Territory (Chagos Archipelago),Bradleyland,889-383-8501
DL476,Shaw Group,Oman,East Kellystad,+1-634-543-3023x5145
DL477,Williams-Brown,Afghanistan,North Hector,+1-778-695-8601
DL478,Boyd Inc,Iran,North Eugeneshire,(374)633-4086x134
DL479,"Green, Torres and Stanley",Seychelles,Vancemouth,(771)811-1832
DL480,Smith and Sons,North Macedonia,Michellemouth,+1-828-852-6241
DL481,Johnson-Arroyo,Saint Martin,Greermouth,001-550-987-3568x25769
DL482,"Reed, Castro and Miller",Guadeloupe,West Lisamouth,5887265949
DL483,Jackson-Hunt,Benin,Laurastad,+1-641-419-4905x407
DL484,French PLC,Israel,North Susanchester,(250)418-2497x08748
DL485,Davila-Santos,Lesotho,Lake Jessica,001-591-323-6617x81728
DL486,Gibson-Soto,Pakistan,Kerrland,533-392-6993
DL487,Banks-Solis,Montserrat,South Gabriellachester,2046227299
DL488,Sweeney Inc,Gabon,North Larryton,9563166918
DL489,Allen-Terry,Bangladesh,New Wendy,559-203-0747x52036
DL490,Hughes PLC,Iraq,Sanchezfort,7976141340
DL491,Cole Inc,French Polynesia,Brooksville,7475492163
DL492,"Fitzgerald, Lewis and Mckay",Mali,South Kevinmouth,001-757-247-8684x0005
DL493,Johnson LLC,Paraguay,Pattonport,474-873-8720
DL494,Wright PLC,Spain,New Aaronville,973.226.1346x8356
DL495,"Hall, Pacheco and Hill",Panama,Carmenport,001-705-255-6214x1860
DL496,"Roth, Rogers and Preston",Pitcairn Islands,Roblesstad,864-242-7885x289
DL497,Garcia Ltd,Cape Verde,Christineville,001-700-526-4757x42342
DL498,Allen-Cummings,India,West Coreymouth,417.296.2688x4771
DL499,"Mitchell, James and Stewart",United Kingdom,South Marcus,001-807-473-9245x72525
DL500,"Brown, Garcia and Cook",Latvia,East Jasonmouth,+1-298-623-5820x34009
