DEALER_ID,DEALER_NAME,COUNTRY,CITY,CONTACT
DL1,"Foley, Anderson and Strickland",Iran,North Juliehaven,(245)255-3181x065
DL2,Edwards-Bowman,Montserrat,Jasmineview,438-991-5759x591
DL3,Jacobs-Lopez,Comoros,Wardside,(748)352-6482x742
DL4,"Russo, Clark and Thomas",Marshall Islands,Juliemouth,796.567.2099
DL5,Love Inc,Antigua and Barbuda,Lake Daniel,353.824.8421
DL6,Hess Ltd,Luxembourg,West Haley,360-514-3437x5285
DL7,Hinton-Nolan,Holy See (Vatican City State),North Carrie,001-677-221-2383x547
DL8,"Smith, Ramsey and Manning",Turkey,North Christopher,430.322.0636
DL9,Willis-Reyes,Lesotho,Meganton,001-691-913-6870x3808
DL10,Mckay-Kelly,Belarus,Crystalton,641.641.3564
DL11,"Taylor, Smith and Miller",Bahrain,Vincentbury,(356)792-1085x154
DL12,Johnson PLC,Eritrea,North Tonyafurt,(786)340-0234
DL13,Vaughn-Campbell,Cambodia,Thomasfurt,220-600-3973x9437
DL14,"Garner, White and Rogers",Seychelles,Whitetown,(271)999-0359x87431
DL15,Wood-Parks,Saint Vincent and the Grenadines,Ortizport,(738)215-9630
DL16,Scott-Scott,Afghanistan,Port Trevor,710.830.9032x111
DL17,Hawkins-Meyer,French Southern Territories,Aaronchester,(490)340-4960x46873
DL18,Mosley LLC,Moldova,Gillespieshire,362.317.2993x01328
DL19,Baker Inc,Niue,South Williamchester,782-394-4439
DL20,Brown-Stanley,Uruguay,North Robert,(586)810-5315x7595
DL21,Livingston LLC,Mayotte,Port Benjamin,733.787.6956
DL22,"Marquez, Young and Carpenter",Holy See (Vatican City State),East Maryview,940.928.6710
DL23,"Walker, Gray and Johnson",Christmas Island,Floydfort,(733)695-9094x73012
DL24,"Warren, Bell and Pennington",Monaco,Ortizberg,312-826-1670x9344
DL25,"Henderson, Mann and Barajas",Ireland,Tapiahaven,576.655.0954x6776
DL26,Peterson-Davis,Sierra Leone,South Megan,001-766-454-4524x27919
DL27,Tate-Gonzalez,Liechtenstein,Elizabethtown,001-567-838-1933x72435
DL28,Santos-Miller,Guernsey,New Robin,(551)940-5741
DL29,"Morales, Walton and Peters",Albania,West Cynthia,502.467.9899x6600
DL30,Odonnell Ltd,Sudan,Elizabethport,862-746-1365x881
DL31,Fleming LLC,Congo,Lake Johnfurt,213.316.5141
DL32,"Clay, Dean and Roberts",Liberia,Barkermouth,(217)596-0406
DL33,Spencer Ltd,Belize,Heatherburgh,001-661-767-9451x805
DL34,"Bell, Lewis and Lara",Angola,East Shawn,+1-773-740-2082
DL35,"Hunt, Mcgee and Ward",Holy See (Vatican City State),Port Emily,(904)872-8526
DL36,Rice Ltd,Palau,Jonathanchester,347-496-8781
DL37,Rocha-Washington,Turkey,Robertstad,2109310511
DL38,Cummings LLC,North Macedonia,South Robertoshire,(241)694-6569
DL39,"Figueroa, Schmidt and Casey",Cape Verde,Joshuaville,(948)867-3305
DL40,Lambert Inc,Anguilla,Obrienborough,+1-559-893-6208x4111
DL41,Lopez Group,Romania,West Kristabury,648-437-0251
DL42,Dyer-Mcdonald,Kazakhstan,Solomonview,(608)729-6887x64621
DL43,David-Martinez,Canada,Brandonmouth,001-471-662-2337x2695
DL44,"Gonzalez, Harmon and Wilson",Vanuatu,Lake Jeremiahchester,001-411-765-4800x79360
DL45,Moore Group,Antigua and Barbuda,Lake Matthew,+1-574-698-4743x591
DL46,"Lynch, Gutierrez and Holmes",South Africa,Port Tylerview,+1-777-635-5110x69679
DL47,Mccarthy LLC,Slovenia,Hawkinschester,499-699-4900
DL48,Ortega Group,Mayotte,New Jason,2346551229
DL49,Williams PLC,Namibia,South Monica,9353308775
DL50,Steele-Yates,Sudan,Port Daniel,(714)292-3151x368
DL51,Jones Inc,Seychelles,Michaelside,933.656.5618x77239
DL52,"Wade, Wong and Williams",Holy See (Vatican City State),Geraldborough,(243)935-4092
DL53,Ponce Group,Uganda,Port Maryberg,(523)910-1672x4798
DL54,Cox Group,French Southern Territories,Mcgeeport,+1-461-215-2046x53998
DL55,"Blanchard, Brown and Todd",Czech Republic,South Brandy,645-287-1102x664
DL56,"Thompson, Arnold and Nelson",Germany,West Joanna,395.738.8200x5540
DL57,Ortega and Sons,Brazil,Leemouth,442-662-6411x2489
DL58,"Rosario, Ho and Cervantes",Lao People's Democratic Republic,South Nicoleville,001-523-630-2991x7298
DL59,Kelly Inc,Cambodia,Mooreton,540-288-6809
DL60,Rangel-Adams,Korea,New Dustin,001-748-443-4362
DL61,"Saunders, Torres and Mack",Algeria,Dominguezton,+1-529-549-4200
DL62,"Maynard, Smith and Trujillo",Bosnia and Herzegovina,Wilkinsonton,4005341174
DL63,Montoya-Shaffer,Somalia,Contrerasside,941.833.1386
DL64,Wood-Stokes,Guatemala,Hayesville,716-420-3940
DL65,Shaw-Jackson,Saint Barthelemy,North Teresachester,570.690.4063
DL66,"Shaw, Campbell and Castro",Korea,New Christinetown,+1-817-401-5052x50610
DL67,Martinez and Sons,Northern Mariana Islands,West Philipton,7676972559
DL68,"Ramos, Vega and Hansen",El Salvador,West Linda,632-975-1327
DL69,Durham-Velazquez,Rwanda,New Hannahshire,337.547.0271
DL70,Bailey Group,Sri Lanka,Taylormouth,(208)817-6834
DL71,"Keller, Cervantes and Webster",Tanzania,Lopezside,(398)294-3302
DL72,"Watkins, Rodriguez and Nash",Swaziland,Port Jerrymouth,+1-631-413-3594
DL73,Robles-Lamb,Indonesia,North Jessica,001-964-389-8351x81674
DL74,Johnson Inc,Guinea-Bissau,Port Richardmouth,001-529-453-3817x78672
DL75,"Johnson, Flores and Merritt",Iceland,Edwinport,2246971526
DL76,Smith Group,Hungary,Davistown,+1-955-409-7099
DL77,"Ho, Medina and Murphy",Rwanda,South Haley,(374)531-0043x0171
DL78,"Russell, Davis and Wilkins",New Zealand,East Dawn,228.389.9803x86094
DL79,Wright PLC,Albania,West Megan,+1-378-637-4410x1511
DL80,Fitzgerald and Sons,Malaysia,Christyland,2137899769
DL81,Jenkins and Sons,Antarctica (the territory South of 60 deg S),North Michaelville,(340)902-3734
DL82,"Ross, Rodriguez and Johnson",Italy,Oliviamouth,001-837-399-2414
DL83,Murphy-Chandler,French Guiana,South Sarah,001-659-629-3814x49215
DL84,Mullen-Hernandez,Turks and Caicos Islands,New Shannon,(458)453-9094x71596
DL85,Brown and Sons,Equatorial Guinea,Lake Thomas,808-871-1222x8631
DL86,Chavez-King,Turks and Caicos Islands,Markberg,(920)842-2770x045
DL87,Moran PLC,Kenya,West Meagan,295-769-7359x9023
DL88,Watts Inc,Thailand,South David,731-847-2635x00925
DL89,Bush-Bowers,Ethiopia,West Alanside,001-650-273-4764x48294
DL90,Gray Inc,Portugal,Melissamouth,(583)893-8026
DL91,"Grant, Payne and Turner",Gambia,East David,968.994.5129x313
DL92,"Daniels, Monroe and Roberts",Ukraine,Princehaven,001-788-972-5969x81159
DL93,Garcia Ltd,Czech Republic,Lake Kellyville,001-623-922-9904
DL94,Elliott Inc,Afghanistan,Davisburgh,322.387.0828
DL95,Hooper-Gonzales,Heard Island and McDonald Islands,Porterberg,001-853-332-7876x75816
DL96,"Juarez, James and Ayers",Western Sahara,Wilkersonburgh,3872292635
DL97,"Watkins, Choi and Lynch",Mauritius,New Lydia,+1-454-419-0087x8810
DL98,Bailey-Parker,Singapore,Anthonytown,(345)385-1077
DL99,Walls Ltd,Cocos (Keeling) Islands,Valenciamouth,645.406.4454
DL100,"Tran, Walsh and Reyes",Lesotho,Tyronestad,861-774-1400x121
DL101,Jimenez Group,Bosnia and Herzegovina,Williamton,+1-751-698-5608x1604
DL102,Russell Group,Latvia,North Mason,001-332-715-3951
DL103,Roman-Davis,Samoa,Colemanstad,784.970.3977x101
DL104,"Marquez, Gonzalez and Mckinney",Solomon Islands,Vanessaview,235-500-9907x709
DL105,Moore LLC,British Indian Ocean Territory (Chagos Archipelago),South Kristen,001-483-635-8010x86118
DL106,Branch LLC,Korea,New Cynthiamouth,416.840.6324
DL107,Calderon-Peters,Canada,East Amymouth,963-329-7581
DL108,"Castillo, Krause and Aguirre",Western Sahara,Port Kathy,246-554-5309x4536
DL109,Carrillo PLC,France,Millerchester,+1-210-984-5998x05672
DL110,Diaz Inc,Germany,Brittanyport,001-893-454-6764
DL111,"Gilbert, Dalton and Montgomery",Cocos (Keeling) Islands,Christopherbury,771-356-5319x92475
DL112,Campos-Diaz,American Samoa,Lake Alexander,481.915.7766
DL113,Lopez-Smith,Lithuania,Hayesview,422.334.9473x93225
DL114,"Cannon, Serrano and Vaughn",Philippines,Jonesmouth,+1-807-899-2974
DL115,Simpson-Briggs,Liberia,Lake Earlhaven,(382)651-1503
DL116,Lynch LLC,Japan,Mooreshire,(489)515-8029
DL117,Torres-Neal,Suriname,Jessicamouth,692-308-4600x571
DL118,Savage-Knapp,Saint Vincent and the Grenadines,North Mackenzieland,+1-288-383-1787x538
DL119,Brown-Lin,Cyprus,East Dawnchester,+1-890-468-6210x6490
DL120,Henderson Group,Saint Pierre and Miquelon,East Johnville,(956)892-2602x143
DL121,Hammond-Moore,Mali,Dunnstad,001-229-401-0125
DL122,Fowler-Wilson,Mauritania,New Crystalside,(241)569-8996x21480
DL123,"Calhoun, Pitts and Lucas",Norfolk Island,South Lisa,+1-991-625-2109x20022
DL124,"Avila, Mcdonald and Richard",Brazil,Kathleentown,+1-378-911-5256x8966
DL125,Thompson-Parsons,Latvia,South Patricia,824.807.0557x805
DL126,Pittman and Sons,Falkland Islands (Malvinas),Ryanborough,+1-266-254-9928x2562
DL127,"Townsend, Roman and Rose",Luxembourg,North Sandra,226.223.4377
DL128,"Walker, Gonzales and Kramer",Swaziland,Thompsonhaven,001-908-485-8613
DL129,"Gates, Savage and Weaver",Niue,South Roberthaven,7249716653
DL130,Mccall Ltd,Turks and Caicos Islands,Ellisport,(304)648-5301x1186
DL131,Tran LLC,Bhutan,North Joshuaside,+1-348-216-9447
DL132,Gay-Miller,British Indian Ocean Territory (Chagos Archipelago),East Ryan,8867686473
DL133,"Jones, Parsons and Walker",Egypt,Shelbyborough,001-454-757-0775x769
DL134,Fields-Higgins,Belgium,South William,+1-464-862-6418
DL135,Brown-Boyd,Burundi,South Gary,(458)972-3854
DL136,"Hernandez, Simon and Vargas",Brazil,Kellyhaven,989-709-9384x809
DL137,Pruitt and Sons,Saint Martin,Lake Katie,(401)894-3169x753
DL138,"Greer, Williamson and Spencer",New Caledonia,Sandraville,944-221-4902x3201
DL139,"Crawford, Simpson and Taylor",Botswana,Arthurview,001-215-712-3629x64892
DL140,Williams PLC,Poland,East Gerald,(500)680-5536
DL141,Collins PLC,Kuwait,Laraview,(248)329-3515
DL142,"Parker, Valdez and Curtis",Malaysia,South Christopher,+1-306-529-0770x06266
DL143,"Dixon, Baird and Wallace",Cambodia,Lake Heather,001-298-792-7752
DL144,"Morgan, Moses and Wade",Madagascar,North Johnfort,(262)820-6404
DL145,Simpson Inc,Solomon Islands,Port Sarah,001-517-943-7771x10023
DL146,Park-Knight,Saint Kitts and Nevis,Port Latoyafurt,508-523-9419x7198
DL147,Ruiz LLC,Iceland,Rodriguezport,7089412298
DL148,Green-Brown,Afghanistan,Guerrerohaven,601-412-4214x5146
DL149,"Hernandez, Maldonado and Martinez",Saint Lucia,Tiffanystad,(925)717-1423x872
DL150,"Flores, Lewis and Charles",San Marino,Lewischester,(925)261-2914
DL151,Torres LLC,Norway,Jasonmouth,(426)721-9883
DL152,Porter and Sons,Saint Martin,North Debrastad,815-952-2308
DL153,Pham-Thomas,Bolivia,South Paul,001-500-944-4691x0679
DL154,"Brooks, Romero and Jackson",Belize,Isaacfurt,919.298.1894
DL155,Rowland and Sons,Mexico,West Jacobfort,487.483.0386x6661
DL156,Peters-Cobb,Seychelles,Michaelfurt,340-252-5824
DL157,Harris-Henry,Brunei Darussalam,New Jeremy,001-507-222-1560x3831
DL158,Powell-Dixon,Portugal,North Stephanie,619-548-6500
DL159,"Cox, Davis and Chen",Martinique,Cameronburgh,680.955.6140x61712
DL160,"Wilson, Ware and Mcmillan",United Arab Emirates,Danielchester,596-866-6840
DL161,Lopez-Cox,Armenia,Port Luisside,827-582-5206x32019
DL162,"Thomas, Snyder and Lopez",Saint Lucia,Dianabury,402.503.8224
DL163,Thomas Ltd,Falkland Islands (Malvinas),Hintonchester,987.267.6649x541
DL164,Singh-Parker,Canada,Kerrymouth,245-752-5788x105
DL165,Romero Ltd,Mauritius,New Christopherchester,(927)825-2027x81099
DL166,"Bennett, Moore and Hall",Egypt,Waltonberg,689.957.9146x5736
DL167,"Fowler, Bennett and Cole",Gambia,Port Angelmouth,+1-708-489-6159
DL168,Thompson and Sons,San Marino,Harmonport,+1-970-780-8656x88262
DL169,Watson-Lynch,Saint Vincent and the Grenadines,Martinezburgh,(959)784-0487x896
DL170,"Guzman, James and Farley",Egypt,South Jeffrey,001-807-743-9183x791
DL171,House and Sons,Antigua and Barbuda,East Vincent,869-935-1381
DL172,Ball-Jones,Suriname,Port Daniel,(517)595-8644
DL173,Meyer and Sons,Cuba,Port Johnfort,684.496.6967x0852
DL174,Hoffman LLC,Guadeloupe,Matthewborough,7527422146
DL175,"Morrison, Ibarra and Wilson",Tajikistan,Wagnerport,541-985-9410x0514
DL176,Davis Ltd,Bangladesh,Port Larryland,7975376832
DL177,"Hamilton, Cooper and Hall",Maldives,South Danielle,001-854-354-3553x478
DL178,Russell-Andersen,Western Sahara,Royborough,625-330-4600
DL179,Smith Inc,Panama,North Chelseaberg,718-270-8809x3876
DL180,Jones Group,Svalbard & Jan Mayen Islands,Tiffanyberg,(324)871-6814
DL181,Cisneros-Esparza,Switzerland,New Pamela,960.604.6580x9580
DL182,Hinton Group,Albania,Robertside,+1-490-851-2134x9678
DL183,Morrison Inc,Malawi,Gonzalezside,001-909-418-3241x080
DL184,"Wagner, Reyes and Williams",Cook Islands,Josephtown,586-498-5234x53473
DL185,"Rhodes, Williams and Richardson",Liechtenstein,East Mariechester,001-587-855-0022
DL186,Myers Ltd,Latvia,North Ryanburgh,(488)511-2817x7914
DL187,"Nelson, Day and Blackwell",Bahrain,West Stephanie,001-305-895-5346
DL188,Hughes Ltd,Costa Rica,West Jennifertown,001-664-512-9764x61068
DL189,Butler Inc,Saint Barthelemy,Ivanport,001-268-200-9435x8686
DL190,Torres-Hamilton,Guam,Judithfurt,+1-596-616-1630
DL191,Thompson PLC,Niue,Lake Virginia,6062815259
DL192,Owens Inc,French Guiana,Wardville,4765536516
DL193,Wilson-Adams,Lithuania,East Tammy,(594)863-3136
DL194,Jordan Group,Bahrain,Wilsonhaven,(961)472-2394
DL195,"Marshall, Macias and Wallace",Jordan,New Jennyborough,246-614-9818
DL196,Mora Ltd,Bosnia and Herzegovina,Hansonshire,805.951.1616
DL197,Mendoza-Santos,Cape Verde,Lambmouth,+1-942-534-0927x001
DL198,Carter Group,Pitcairn Islands,Port Jacob,001-396-448-4244
DL199,Mcgee LLC,Colombia,Port Morganfort,666.683.5587
DL200,Liu and Sons,Mexico,Walshbury,6334389015
DL201,Mcgrath-Anderson,Malta,New Leonville,337-793-3554
DL202,Pearson Ltd,Panama,Mariaberg,618-417-2917
DL203,"Forbes, White and Nicholson",Vietnam,Paulton,001-933-281-7393x449
DL204,"Friedman, Anderson and Mann",Niger,North Oscarside,234-591-0662x05909
DL205,"Lee, Turner and Carlson",Saint Kitts and Nevis,Atkinsfurt,957.207.2793
DL206,"Kennedy, Cabrera and Burton",Lithuania,Lake Patricia,(231)974-9332
DL207,Williams Inc,Liechtenstein,Michaelstad,(216)956-4959
DL208,Ramos Ltd,Liechtenstein,Port Paulburgh,(843)975-0022x386
DL209,Alvarez-Kelley,Bolivia,Leebury,+1-612-875-8567x935
DL210,Perry PLC,Bhutan,East Stephanie,928-245-8041
DL211,"Strong, Walker and Gutierrez",Malaysia,Snyderview,+1-877-691-5489
DL212,Powell LLC,French Southern Territories,East Scott,265.255.7719
DL213,"Hopkins, Mcdonald and Ramos",Suriname,North Mistyfort,610-616-9026
DL214,Rogers-Faulkner,Guatemala,New Martin,001-330-692-8707x8036
DL215,Figueroa-Graves,Dominica,Tannermouth,4677666248
DL216,Hart Ltd,Reunion,West Aaronburgh,+1-379-511-4934x9394
DL217,Mcdonald-Smith,Georgia,Mooreland,920-991-4645x3353
DL218,"Roberts, Richardson and Bradley",Suriname,New Holly,566.690.6405
DL219,"Gutierrez, Hendricks and Curry",Oman,Russelltown,001-918-323-0346x4332
DL220,"Mcdonald, Moreno and Ramos",United States of America,North Diana,4677579156
DL221,"Davis, Chapman and Williams",Western Sahara,Stephanieview,001-818-245-0425x26202
DL222,"Armstrong, Ryan and Shelton",Costa Rica,New Richardland,001-462-940-1396x65319
DL223,Garcia-Powell,Egypt,Port Kristinburgh,683-486-6842
DL224,"Davidson, Wright and Jones",Morocco,Normanmouth,001-926-740-3688x784
DL225,"Ramos, Myers and Garner",New Caledonia,Jessicafort,(218)711-8283
DL226,Oneill PLC,Turkey,Lopezside,799.492.5905
DL227,Smith-Henry,Portugal,Mayoburgh,001-243-666-5090x178
DL228,Armstrong LLC,Christmas Island,South Christina,+1-459-374-0825x1597
DL229,Lee-Thompson,Iceland,East Timothyberg,+1-883-248-8237
DL230,Brown-Cook,Botswana,Port Jamesshire,459.540.0341x3130
DL231,Joseph PLC,Morocco,West Laurafort,378-588-8677x38654
DL232,Davila-Baker,Seychelles,New Joseph,(958)346-4276x6696
DL233,"Jones, Campos and Lewis",Samoa,Lawrencetown,001-548-950-0120
DL234,"Reyes, Rivera and Kelley",Holy See (Vatican City State),Anthonyview,001-834-535-8077
DL235,"Phillips, Fitzgerald and King",Brazil,Ramosville,+1-812-703-3626x1275
DL236,"Perez, Hicks and Mcfarland",Guatemala,Toddland,421-675-8659x600
DL237,"Williams, Williams and Williams",United Kingdom,Curtisbury,001-644-345-9109
DL238,"Spencer, Hardin and Odonnell",Spain,Brianport,+1-426-748-2565x55090
DL239,"Hoffman, Stewart and White",Philippines,Victorview,6945824796
DL240,Paul Inc,Saint Martin,East James,819.483.7709
DL241,Franklin-Henry,Iceland,West Kimberly,2225881945
DL242,"Quinn, King and Neal",Cambodia,Meyersstad,(660)596-8092
DL243,"Black, Davila and Andrews",Hungary,Nolanton,(829)503-2130x7396
DL244,Reed Inc,Czech Republic,Olivialand,823.918.9780x01419
DL245,Velazquez-Daniel,Guam,Jacobsbury,+1-379-864-4079
DL246,"Johnson, Hobbs and Alvarado",Italy,Portermouth,771.726.0067
DL247,Graham-Green,Nepal,Lake Hannahberg,961.745.9995x70658
DL248,Stokes Ltd,Wallis and Futuna,Richardsonshire,674-263-9633x475
DL249,Delgado-Simmons,Sierra Leone,West Michelle,001-409-565-5221x483
DL250,Walton-Collins,Zambia,Juliehaven,204.310.0874x686
DL251,Cuevas PLC,Vietnam,Derektown,(311)205-1076x85208
DL252,"Perez, Hicks and Davidson",Tajikistan,Valerieborough,(738)571-6368x1250
DL253,Cox-Lewis,Mexico,Alexisshire,001-548-364-2957x0605
DL254,Walters Group,Niger,Henryburgh,(645)257-6016
DL255,Huynh Inc,Lesotho,Smithburgh,+1-993-858-0907x656
DL256,"Walker, Brown and Sanchez",Nigeria,Schultzstad,+1-388-254-9864x462
DL257,Bauer-Hood,Singapore,North Gary,921-574-1620x98598
DL258,Norman-Nelson,Mexico,Lake Penny,6888195189
DL259,"Ramos, Kidd and Burch",Colombia,North Deborah,001-555-341-1806x9593
DL260,Rosales LLC,Liberia,Tracyberg,506.516.5138x7181
DL261,Long Group,Sao Tome and Principe,West Erinburgh,+1-953-535-6009
DL262,Keller-Vance,San Marino,Jasmineshire,(549)893-7938x6880
DL263,"Chandler, Parker and Gonzalez",Guatemala,Port Ashleybury,(373)239-3843
DL264,"Duran, Barrett and Henry",Germany,Staceybury,001-631-683-1218x6536
DL265,"Rodriguez, Johnson and Smith",San Marino,Cherylberg,975.299.3266
DL266,Arnold and Sons,Costa Rica,Melissamouth,(854)406-5217x72236
DL267,Johnson-Craig,Haiti,Jenniferberg,432-951-9383
DL268,"Mcdaniel, Cooper and Wright",Namibia,West Jasmine,(798)857-4620x3278
DL269,Jones PLC,Pakistan,Brentton,978.694.2143x0515
DL270,"Moss, Roberts and Martin",Angola,West Sabrinafort,+1-782-368-5398x5927
DL271,Lozano Ltd,Syrian Arab Republic,Cassandrashire,758-788-1596
DL272,Jimenez-Smith,Kiribati,Port Jimmy,+1-790-392-7575x84762
DL273,"Bates, Robinson and Levy",Sudan,Michaelhaven,502-671-5200x608
DL274,Harris-Torres,Ecuador,Reedmouth,001-726-646-1037x094
DL275,"Hobbs, Murray and Adams",Bosnia and Herzegovina,Jamesland,893.418.6419x9250
DL276,Fisher Group,Guam,New Sherry,9213010540
DL277,Hernandez-Miller,Saint Lucia,Taylorville,341.613.0334
DL278,Thompson-Jones,Maldives,Smithport,567-652-7330x933
DL279,Clark-Taylor,Panama,Mcdonaldmouth,657.439.7869x6952
DL280,Rosario PLC,Seychelles,South Stephen,473.282.8862x6454
DL281,Jackson Group,Benin,Casehaven,001-972-695-5318
DL282,Hubbard Group,India,Port Brenda,464-425-7826
DL283,"Alvarado, Melton and Wright",Spain,Smithhaven,806-513-4763x068
DL284,Ward-Young,United Arab Emirates,Lake Jacobtown,(994)488-9016
DL285,Hutchinson-Reilly,American Samoa,North Kimberlyshire,558-381-7094
DL286,"Bennett, Schultz and Griffith",China,New Phillip,509-811-3057
DL287,"Parker, Hernandez and Potter",Libyan Arab Jamahiriya,Mcdonaldstad,713.912.2730
DL288,"Mata, Huang and Garcia",Georgia,Saraview,+1-491-216-2941x341
DL289,"Castro, Wise and Lee",Antarctica (the territory South of 60 deg S),West Christopher,+1-743-700-4642x8078
DL290,Hayes LLC,Nigeria,South Tanner,623.740.6022
DL291,"Patrick, Hodges and Lyons",Burundi,Lake Stevenfort,(485)956-2935
DL292,Johnson and Sons,Norfolk Island,Taylorborough,644.788.4202x2408
DL293,"Hernandez, Bean and Scott",Swaziland,Christinastad,673.574.4259
DL294,Murillo PLC,Finland,Butlerland,566-936-2671
DL295,"Woods, White and Lopez",United Arab Emirates,New Laurentown,(333)656-9982x392
DL296,"Russell, Morales and Roy",Brunei Darussalam,North Saraburgh,001-581-536-6308x9212
DL297,Roman-Hall,Burkina Faso,East Daniel,730.230.5174x64011
DL298,Levy Group,Faroe Islands,Zunigashire,+1-592-871-0926x478
DL299,Fields LLC,China,Huntershire,8407391955
DL300,Simon LLC,Turks and Caicos Islands,North Rebecca,001-687-721-2505
DL301,Lopez-Harper,Turkmenistan,East Diana,+1-299-221-4501x30650
DL302,Barber-Grant,Gibraltar,New Kayla,+1-960-937-7292x47461
DL303,Robinson LLC,Lesotho,Kurtmouth,9705470962
DL304,Massey-Winters,Micronesia,South Marychester,001-393-705-8136x06145
DL305,"Mueller, Davila and Smith",Libyan Arab Jamahiriya,Hurleyshire,821.771.4115
DL306,Tanner-Riley,Niger,Anthonyland,001-453-924-5095x6969
DL307,Lopez-Giles,Korea,East Shaneberg,(423)247-6432
DL308,Adams-Fisher,Andorra,East Barbaraborough,001-692-846-2382x0872
DL309,"Smith, Mayo and Torres",Chile,New Lisa,254.204.8154x760
DL310,"Jones, Carpenter and Young",Ukraine,Lake Shannon,(891)239-8080
DL311,Hogan Ltd,Mauritania,East Christina,(322)925-4063
DL312,Lawrence-Blanchard,Haiti,New Ivantown,(633)707-8286x338
DL313,"Davis, Kennedy and Garcia",Christmas Island,Lake Evan,897.536.8095x1637
DL314,Williams-Villa,Saint Martin,Lake Ginahaven,001-485-712-3606x84994
DL315,Becker-Roy,Albania,East Heather,960-447-4562x07010
DL316,Baldwin-Cabrera,Italy,South John,532.476.3740x8656
DL317,"Fisher, Miller and Valdez",Cook Islands,Mooneyburgh,(949)340-5367
DL318,Irwin Inc,Nicaragua,Port Hollybury,(446)607-6682
DL319,Oneill-Hall,Czech Republic,South Leslie,(904)360-4017
DL320,Pugh Inc,Moldova,Smithfurt,+1-661-234-3165x8771
DL321,"Weeks, Turner and Robinson",Kuwait,Johnchester,(220)870-4002
DL322,Marshall LLC,North Macedonia,Herringport,+1-916-870-0930x62203
DL323,"Moran, Henry and Jones",Faroe Islands,Wilkinsonside,001-639-561-8524x1757
DL324,"Martinez, Hill and Blake",Panama,Lake Saraside,001-780-495-5376x502
DL325,"Smith, Cochran and Bailey",Iraq,Lake Vincentmouth,+1-355-802-9299
DL326,Clark-Jackson,Peru,Pattersonside,+1-887-690-4520x39052
DL327,Marshall Group,Australia,Lake Lynn,483-535-7907
DL328,"Wells, Hoffman and Atkins",Algeria,Matthewchester,300-492-3963x47506
DL329,Avila-Jacobs,Jamaica,Port Cassandra,879.562.4064
DL330,Burke and Sons,Cyprus,Debrabury,614.849.9374x15494
DL331,Patterson Group,Uzbekistan,Wilsonmouth,285-899-2498x925
DL332,Smith LLC,Sweden,Fitzgeraldville,656-527-2198x187
DL333,"Brown, Wolf and Nunez",North Macedonia,Monroeton,903-865-5720x009
DL334,Woods and Sons,Guam,Grantchester,001-821-417-4700x55610
DL335,Smith Group,Suriname,Ashleyshire,(393)951-9382
DL336,"Coleman, Smith and Wilson",Cambodia,Sethtown,(776)601-7845x58577
DL337,Cohen-Stevenson,Cape Verde,South Ericfort,001-421-280-2200x48838
DL338,Murphy-Hines,Iceland,Cassandrachester,516.636.7748x54292
DL339,Lewis-Johnson,Turkmenistan,Michaeltown,5048728245
DL340,Wade-Mcdonald,China,Reedstad,+1-566-485-5066x302
DL341,"Mckinney, Garcia and Olsen",Bangladesh,East Sandra,526-988-2956
DL342,Allen-Huang,Myanmar,East Josephside,454-740-5541
DL343,"Young, Johnson and King",Algeria,Port Christophershire,576-516-4112x460
DL344,Potter Ltd,Holy See (Vatican City State),Fernandoton,530.570.0690x46949
DL345,Chandler Ltd,Bangladesh,New Andre,483.890.9863
DL346,Curtis-Lambert,Moldova,Port Leslieside,+1-907-967-1042x56796
DL347,Ortega-Diaz,Vanuatu,West Michael,+1-259-434-4507x358
DL348,Mcpherson-Holland,Singapore,West Joannaborough,001-454-902-2316x6511
DL349,Reed-White,San Marino,Robinsonchester,965-815-0995x4981
DL350,Anderson-Bradley,Falkland Islands (Malvinas),South Matthew,7034039590
DL351,Johnson-Anderson,Israel,North Oliviatown,001-651-357-9948x82548
DL352,Bell LLC,Kyrgyz Republic,Lake Stephanieton,7585695382
DL353,Brown Ltd,Chile,Garyland,726-839-8904
DL354,Ryan PLC,Iraq,Phillipsborough,(270)570-8641x31423
DL355,Hogan-Collins,Angola,Reidfort,(425)440-1362x67743
DL356,English-Henderson,Martinique,Lake Brianna,001-575-863-1719x38871
DL357,"Hall, Bell and Johnson",Gabon,Sandersville,+1-946-621-2415x680
DL358,Cox Inc,Cook Islands,Gomezland,377.317.5108x39192
DL359,Herman PLC,Trinidad and Tobago,East Sheribury,(240)240-2251
DL360,Johnson-Dean,Iraq,Lake Debra,(514)694-7221x900
DL361,Simpson LLC,Lao People's Democratic Republic,West Nicholas,476-478-0174x2516
DL362,Cooley PLC,Cambodia,East Charles,9046487710
DL363,"Chavez, Jones and Williams",Belgium,Port Robert,+1-262-719-5698x3553
DL364,"Weaver, Roberts and Rivera",Pakistan,New Chelseastad,+1-615-984-7379x557
DL365,James-Campos,Yemen,Port Michellefurt,678.592.0224x67166
DL366,Willis PLC,Swaziland,New Marie,498-829-4363x8826
DL367,Griffith-Hanson,Colombia,Port Joseph,207.907.9999x06776
DL368,Smith PLC,Iran,Sarahmouth,001-480-206-8836x67224
DL369,"Johnson, Murphy and Bennett",Dominica,West Brendaview,992-988-8169
DL370,"Morgan, Ayers and Lopez",Saint Lucia,Singhstad,519-646-7486x32541
DL371,"Holmes, Spencer and Frederick",Pakistan,North James,952.591.7304x9892
DL372,"Wright, Barton and Barry",Tuvalu,Flemingfurt,+1-741-978-7403x04271
DL373,Howard and Sons,Spain,West Alfredmouth,+1-915-293-1195
DL374,Foley LLC,Egypt,Brandonhaven,(243)251-2151
DL375,"Orozco, Mullins and Lang",Fiji,East Stephen,+1-611-874-7420x37292
DL376,Reyes LLC,Pitcairn Islands,Christopherborough,909-772-6115
DL377,Rojas Ltd,Canada,Gregoryton,001-299-279-5007x3267
DL378,Berger-Duncan,Congo,North Fernandoshire,(814)906-0007
DL379,Martinez Ltd,Gibraltar,Kellyton,+1-544-385-2060x647
DL380,"Torres, Thompson and Reyes",United States of America,Warrenmouth,844-851-7525x370
DL381,"Trujillo, Rush and Lane",Burundi,Jamesberg,971.963.5057x49838
DL382,Fuller-Cruz,Nicaragua,Flemingburgh,322-842-4828
DL383,Garza-Moreno,United Arab Emirates,Port Phillip,904-596-7769x92190
DL384,"Martinez, Abbott and Torres",Cameroon,Campbellchester,819-289-9059x808
DL385,"Costa, Wilson and Ross",Italy,Henryshire,+1-577-734-8882
DL386,Todd and Sons,Saint Martin,Sabrinatown,(771)413-8543x050
DL387,Cummings-Mcdaniel,Heard Island and McDonald Islands,Lake Shannon,+1-562-249-7118x37943
DL388,Brown Group,Slovakia (Slovak Republic),Gallegosstad,764.828.7977x5879
DL389,"Anderson, Brock and Thompson",Cameroon,Brittanyburgh,+1-656-521-7001x1757
DL390,Taylor-Hill,Uzbekistan,Elaineton,7797560966
DL391,"Bowman, Rollins and Everett",New Zealand,Mariatown,(558)526-6678
DL392,"Turner, Smith and Wright",Iraq,East Stephenmouth,769.463.6114
DL393,"Waters, Miller and Crawford",Uganda,South Theodorestad,3067122347
DL394,Bishop-Santos,Peru,East Anna,001-523-394-4259x502
DL395,Woods-Green,Saint Martin,East Gina,273-731-4050x2209
DL396,Blackwell-Ryan,Martinique,Robertsonhaven,001-860-846-7373x9968
DL397,"Lee, Trujillo and Conner",Fiji,Jacobbury,(224)913-2667
DL398,Taylor Ltd,Montenegro,West Amyview,8614945414
DL399,"David, Baldwin and Green",British Virgin Islands,West Russelltown,604-299-2068x1614
DL400,"Thomas, Green and Sims",Guadeloupe,West Carlland,+1-369-908-2034x10199
DL401,Herring-Barber,Mauritius,North Jenniferborough,+1-267-397-4801x9834
DL402,"Peck, Sanchez and Chambers",Swaziland,East Carloschester,6095503518
DL403,Ramirez PLC,Madagascar,Reginaldbury,466-871-9291
DL404,Smith PLC,Switzerland,Whitemouth,+1-502-587-1681x1497
DL405,Jones Inc,Djibouti,East Lauraview,+1-401-379-2453
DL406,Daniels Ltd,Norfolk Island,Josephstad,+1-753-914-0368x421
DL407,"Thomas, Zimmerman and Richardson",Qatar,South Jennifer,394.405.1234
DL408,Castillo PLC,Uruguay,Jonestown,608-579-8027
DL409,Olsen Ltd,South Africa,Lake Justinview,438-630-4470x144
DL410,"Ramirez, Fuller and Miller",Togo,New Christina,851.641.2875
DL411,Johnson Inc,Senegal,Whitneymouth,9196981355
DL412,Brown-Diaz,France,Diazchester,001-238-226-7004
DL413,Hamilton LLC,Palestinian Territory,Brandontown,001-373-777-7867
DL414,"Hartman, Hansen and Tucker",Turkey,East Lynnhaven,424.253.4437
DL415,Bradley LLC,Kenya,Lisaview,839.351.5438
DL416,Hart Group,Guinea-Bissau,Mosesfort,890-841-1471x976
DL417,"Richardson, Williams and Cohen",Ukraine,Russellview,4463594746
DL418,Schwartz-Allen,Germany,Port Kenneth,001-318-490-0960x69118
DL419,Fischer-Bryant,Antigua and Barbuda,Murphyberg,608.200.6094
DL420,"Calhoun, Patterson and Davis",Malta,South Virginiafurt,(965)542-1951x9736
DL421,Morrison LLC,Libyan Arab Jamahiriya,Spencerchester,(491)945-5096x915
DL422,Vaughn-Martin,Venezuela,Smithton,9287923735
DL423,Alvarez PLC,North Macedonia,Jonathanfurt,001-283-214-5220
DL424,Bailey-Smith,Turkmenistan,Port Nicholas,(597)409-5000x25662
DL425,Hughes-Mullins,Togo,North Rickfort,(646)546-3580x57408
DL426,"Floyd, Arroyo and Jones",United Arab Emirates,North Meganburgh,(601)493-0592
DL427,Rios PLC,Nicaragua,North Jessica,5972479390
DL428,Miller-Vasquez,Sri Lanka,Mooreside,5374100146
DL429,Rodriguez Group,Christmas Island,South John,(842)569-2849
DL430,Hawkins-Moore,South Georgia and the South Sandwich Islands,East Dana,(994)504-1612x75144
DL431,Werner-Stark,Mayotte,New Shannonfort,+1-948-302-8564x572
DL432,Murray-Giles,Saint Barthelemy,Kellytown,(640)429-8452x8439
DL433,Franklin-Black,Congo,Micheleview,500.237.9512x84477
DL434,Anderson-Lee,Portugal,Farrellburgh,+1-574-575-7875x85447
DL435,"Smith, Taylor and Everett",Palau,West Cameron,957.412.7751x51099
DL436,"Mitchell, Clark and Warner",Thailand,Phillipsbury,+1-267-334-6779x7903
DL437,Baker-Rogers,Uzbekistan,Guerramouth,461-627-2938x3528
DL438,Horne PLC,Guinea-Bissau,Jacobborough,001-388-224-7811x71301
DL439,Warren Ltd,Faroe Islands,New Monica,(269)439-1627x27213
DL440,"Gill, Atkinson and Buckley",Cayman Islands,North Kathleenbury,+1-626-676-4316x651
DL441,Barber-Edwards,Mali,North Jose,+1-403-593-5707x2840
DL442,Gilbert-Carter,Namibia,West John,597.218.0699x041
DL443,Edwards-Brown,Guernsey,Victoriaport,3919251761
DL444,"Pennington, Rocha and Acosta",Kiribati,Garciaburgh,001-540-873-2014x20303
DL445,"Hubbard, Cooper and Carter",United States Minor Outlying Islands,New Jesse,2999409293
DL446,"Dixon, Barron and Stevenson",Turkey,West Casey,+1-908-340-7654
DL447,"Cannon, Hull and Alvarez",Martinique,Lake Richardshire,383-503-3257x704
DL448,Hood-Jackson,Switzerland,Craigborough,(366)568-3264x211
DL449,"Campbell, Reyes and Carrillo",Poland,East Dana,(672)939-0578
DL450,"Robinson, Medina and Clark",Reunion,Hartborough,(943)313-8680
DL451,Moreno-Sparks,Syrian Arab Republic,Debraberg,+1-541-509-2611x4216
DL452,"Walker, Rivera and Chambers",Montenegro,North Alexis,919-910-2674x62211
DL453,Robertson-Henderson,French Southern Territories,Austinshire,+1-883-243-9658x26723
DL454,Benton-Price,Argentina,East Cheryl,(729)569-8505
DL455,Huff Ltd,Sudan,Jessicahaven,+1-821-270-2037
DL456,"Walker, Lloyd and Davis",Portugal,West Stephanie,220.369.2646
DL457,Nichols and Sons,Ghana,Jonesshire,491-830-4867x11961
DL458,Clark-Mcbride,Djibouti,East Stephenchester,645-683-6842
DL459,Brown-Jackson,Jersey,Careyfurt,407-748-1758x79259
DL460,"Hardy, Mcclain and Wolfe",El Salvador,Port Victoria,7346931271
DL461,"Roberts, Olson and Ortega",United States of America,Lake Chad,+1-556-999-1879x959
DL462,Pearson Ltd,Congo,North Jaredside,001-459-789-9920x401
DL463,Gibson Ltd,Philippines,Rubioville,(929)359-3892x065
DL464,Martinez and Sons,Lesotho,Tamaraberg,821-465-3917
DL465,Sellers-Morrow,Honduras,Johnton,348-373-7916x551
DL466,"Keller, Thornton and Young",Cambodia,Gonzalezport,001-650-889-8030
DL467,"Lucas, Woodard and Miller",Sweden,Port Eric,963-533-1185x5236
DL468,Miller-Fisher,Pitcairn Islands,Port Kristin,001-668-392-3858x94074
DL469,Moore and Sons,Nigeria,North Joy,001-393-664-7456x0184
DL470,"Tucker, Copeland and Farley",Denmark,Lake Sheila,001-824-500-7075x816
DL471,Ochoa-Brown,Taiwan,Stephenstad,6227395178
DL472,Pierce-Mitchell,Botswana,West Kyle,001-590-634-7803x737
DL473,"Cantrell, Leblanc and Salazar",Ethiopia,Hollandchester,(513)502-6640x35164
DL474,Miller Inc,Malaysia,Micheleport,342-330-8131
DL475,Meza-Espinoza,New Zealand,Christopherton,513.970.0794
DL476,Torres Group,Togo,Port Roger,001-309-838-9755
DL477,Salinas LLC,Saudi Arabia,West Miranda,243-285-0874
DL478,Abbott-Collins,Sudan,North Kimberly,001-420-987-2221x1967
DL479,Short Group,Spain,East Jeffrey,489.687.5482
DL480,Schmidt-Santiago,Guam,Lake Donald,001-265-729-5549x197
DL481,Marsh PLC,Cape Verde,New Jacqueline,+1-771-240-3640
DL482,Cox-Oconnor,Saint Kitts and Nevis,Roberthaven,8692106008
DL483,"Park, Pittman and Nelson",Niger,Keithhaven,772-831-4109x91799
DL484,Smith Inc,Cook Islands,Lake Courtneyfort,001-548-573-1530
DL485,Hall-Gomez,Cyprus,North Moniqueville,001-888-486-9280
DL486,"Vargas, Watson and Rodriguez",Brunei Darussalam,New Christopherville,627-275-1821
DL487,"Bryan, Aguilar and Mendoza",Slovakia (Slovak Republic),Smithhaven,(520)923-4812x240
DL488,"Marshall, Paul and Carson",Australia,Mooreport,420.617.9125x509
DL489,"Mitchell, Ortiz and Williams",Niue,East Jessefort,797.988.2420x7870
DL490,"Williams, Bennett and Davis",Serbia,Port Rachel,+1-949-669-5161x686
DL491,Leach PLC,Iraq,Port Ronald,(657)388-6606
DL492,Garcia-Curry,Congo,Jonesland,909-296-5738x24138
DL493,Nash LLC,Iraq,East Joannetown,942-378-6868
DL494,"Turner, Lee and Fernandez",Fiji,Frankburgh,(298)584-8547
DL495,"Kirk, Michael and Parsons",Saint Helena,Lake Nathanielview,958.394.5932x841
DL496,White-Moore,Cameroon,East Sarahville,638.466.5205x893
DL497,Williams-Garcia,Guam,Coxborough,001-365-952-8739
DL498,Bailey LLC,Sweden,New Jasonstad,+1-350-273-3415x5207
DL499,Smith and Sons,South Africa,Lake Sarahtown,218-927-2803
DL500,Ellis PLC,Kiribati,North Jocelynfort,274.461.7564
